<?xml version="1.0" encoding="UTF-8" ?>
<!DOCTYPE mapper
  PUBLIC "-//mybatis.org//DTD Mapper 3.0//EN"
  "https://mybatis.org/dtd/mybatis-3-mapper.dtd">
<mapper namespace="com.ohmycar.mapper.CarMapper">

	<resultMap type="com.ohmycar.domain.CarVO" id="carMap">
		<id property="carId" column="car_id" />
		<result property="carSellName" column="car_sell_name" />
		<result property="carName" column="car_name" />
		<result property="carType" column="car_type" />
	</resultMap>

	<select id="getCarByCarId" resultMap="carMap">
		SELECT * FROM car_tbl WHERE car_id = #{carId}
	</select>

	<update id="updateCar" parameterType="com.ohmycar.domain.CarVO">
		UPDATE car_tbl
		SET car_sell_name = #{carSellName},
		car_name = #{carName},
		car_type = #{carType}
		WHERE car_id = #{carId}
	</update>
</mapper>
